Comment,Designator,Footprint,LCSC Part Number
3034TR,BT2,BAT_3034TR,C5213768
~,"C1, R3",603,
12pF C0G,"C10, C9",402,C1547
10uF,C11,805,C15850
100nF,"C2, C3",603,C14663
5V,D1,D_SOD-323,C552583
S4B-XH-SM4-TB,J4,CONN4_S4B-XH_JST,C161861
Sold_Jump_C,JP1,SolderJumper-2_P1.3mm_Bridged_RoundedPad1.0x1.5mm,
~,"JP2, JP3",SolderJumper-2_P1.3mm_Bridged_RoundedPad1.0x1.5mm,
Sold_Jump_O,JP4,SolderJumper-2_P1.3mm_Open_RoundedPad1.0x1.5mm,
~,JP5,SolderJumper-2_P1.3mm_Open_RoundedPad1.0x1.5mm,
PMV48XP,"Q2, Q3",SOT-23,C2959854
2N7002,Q4,SOT-23,C916396
10R,R1,603,C22859
100k,"R12, R13",603,C25803
330k,"R2, R4, R9",603,C100970
22k,"R6, R7",603,C31850
TPL5111,U1,SOT-23-6,C2870554
TPS22917DBV,U2,SOT-23-6,C2681320
32.768kHz,Y1,Crystal_SMD_3215-2Pin_3.2x1.5mm,C32346
